{"cameraMode":{"drawMode":0,"name":"Shaded","section":"Shading Mode"},"sceneLighting":false,"audioPlay":false,"sceneViewState":{"showFog":true,"showMaterialUpdate":false,"showSkybox":false,"showFlares":true,"showImageEffects":true,"showParticleSystems":true},"in2DMode":false,"pivot":{"x":3.309966564178467,"y":4.905439376831055,"z":-5.02099609375},"rotation":{"x":-0.20174458622932435,"y":0.5065630674362183,"z":-0.12300361692905426,"w":-0.8294029235839844},"size":0.05000000074505806,"orthographic":false}