{"cameraMode":{"drawMode":0,"name":"Shaded","section":"Shading Mode"},"sceneLighting":false,"audioPlay":false,"sceneViewState":{"showFog":true,"showMaterialUpdate":false,"showSkybox":false,"showFlares":true,"showImageEffects":true,"showParticleSystems":true},"in2DMode":false,"pivot":{"x":1.0163335800170899,"y":7.909523963928223,"z":11.232094764709473},"rotation":{"x":-0.08288215845823288,"y":0.9171187281608582,"z":-0.2776806950569153,"w":-0.27375367283821108},"size":0.8660253882408142,"orthographic":false}