{"cameraMode":{"drawMode":0,"name":"Shaded","section":"Shading Mode"},"sceneLighting":false,"audioPlay":false,"sceneViewState":{"showFog":true,"showMaterialUpdate":false,"showSkybox":false,"showFlares":true,"showImageEffects":true,"showParticleSystems":true},"in2DMode":false,"pivot":{"x":-1.9642544984817505,"y":11.725735664367676,"z":25.728744506835939},"rotation":{"x":-0.011717471294105053,"y":-0.9662541151046753,"z":0.2534266710281372,"w":-0.04467666149139404},"size":2.872281312942505,"orthographic":false}