{"cameraMode":{"drawMode":0,"name":"Shaded","section":"Shading Mode"},"sceneLighting":false,"audioPlay":false,"sceneViewState":{"showFog":true,"showMaterialUpdate":false,"showSkybox":true,"showFlares":true,"showImageEffects":true,"showParticleSystems":true},"in2DMode":false,"pivot":{"x":501.0003967285156,"y":517.96630859375,"z":-535.0858764648438},"rotation":{"x":-0.19066034257411958,"y":0.04063380882143974,"z":-0.007911646738648415,"w":-0.9807994961738586},"size":262.2669982910156,"orthographic":false}