{"cameraMode":{"drawMode":0,"name":"Shaded","section":"Shading Mode"},"sceneLighting":false,"audioPlay":false,"sceneViewState":{"showFog":true,"showMaterialUpdate":false,"showSkybox":false,"showFlares":true,"showImageEffects":true,"showParticleSystems":true},"in2DMode":false,"pivot":{"x":34.28633117675781,"y":25.04217529296875,"z":3.663177013397217},"rotation":{"x":0.16989362239837647,"y":-0.6619941592216492,"z":0.15779761970043183,"w":0.7127423882484436},"size":1.457737922668457,"orthographic":false}