{"cameraMode":{"drawMode":0,"name":"Shaded","section":"Shading Mode"},"sceneLighting":false,"audioPlay":false,"sceneViewState":{"showFog":true,"showMaterialUpdate":false,"showSkybox":false,"showFlares":true,"showImageEffects":true,"showParticleSystems":true},"in2DMode":false,"pivot":{"x":3.3725452423095705,"y":2.5410585403442385,"z":3.909062385559082},"rotation":{"x":0.012667926959693432,"y":0.8649240136146545,"z":-0.022127028554677964,"w":0.5014178156852722},"size":10.407719612121582,"orthographic":false}