{"cameraMode":{"drawMode":0,"name":"Shaded","section":"Shading Mode"},"sceneLighting":false,"audioPlay":false,"sceneViewState":{"showFog":true,"showMaterialUpdate":false,"showSkybox":false,"showFlares":true,"showImageEffects":true,"showParticleSystems":true},"in2DMode":false,"pivot":{"x":6.593723773956299,"y":3.3165860176086427,"z":-5.854537010192871},"rotation":{"x":0.11319581419229508,"y":-0.3828180432319641,"z":0.04732546582818031,"w":0.9156438112258911},"size":0.7088723182678223,"orthographic":false}