{"cameraMode":{"drawMode":0,"name":"Shaded","section":"Shading Mode"},"sceneLighting":false,"audioPlay":false,"sceneViewState":{"showFog":true,"showMaterialUpdate":false,"showSkybox":false,"showFlares":true,"showImageEffects":true,"showParticleSystems":true},"in2DMode":false,"pivot":{"x":588.1904296875,"y":481.8242492675781,"z":194.73959350585938},"rotation":{"x":0.2079073041677475,"y":-0.787319004535675,"z":0.35870230197906496,"w":0.4563436508178711},"size":9.013877868652344,"orthographic":false}