{"cameraMode":{"drawMode":0,"name":"Shaded","section":"Shading Mode"},"sceneLighting":false,"audioPlay":false,"sceneViewState":{"showFog":true,"showMaterialUpdate":false,"showSkybox":false,"showFlares":true,"showImageEffects":true,"showParticleSystems":true},"in2DMode":false,"pivot":{"x":8.45910358428955,"y":8.123947143554688,"z":7.3271918296813969},"rotation":{"x":0.13371899724006654,"y":-0.8538588285446167,"z":0.2683458626270294,"w":0.425488144159317},"size":0.4330126941204071,"orthographic":false}