{"cameraMode":{"drawMode":0,"name":"Shaded","section":"Shading Mode"},"sceneLighting":false,"audioPlay":false,"sceneViewState":{"showFog":true,"showMaterialUpdate":false,"showSkybox":false,"showFlares":true,"showImageEffects":true,"showParticleSystems":true},"in2DMode":false,"pivot":{"x":-2.759490966796875,"y":5.147784233093262,"z":2.204573154449463},"rotation":{"x":-0.17368023097515107,"y":-0.8141378164291382,"z":0.46182945370674136,"w":-0.30616822838783266},"size":0.8660253882408142,"orthographic":false}