{"cameraMode":{"drawMode":2,"name":"Shaded Wireframe","section":"Shading Mode"},"sceneLighting":false,"audioPlay":false,"sceneViewState":{"showFog":true,"showMaterialUpdate":false,"showSkybox":false,"showFlares":true,"showImageEffects":true,"showParticleSystems":true},"in2DMode":false,"pivot":{"x":8.19929313659668,"y":4.349550247192383,"z":0.32246488332748415},"rotation":{"x":-0.13276652991771699,"y":0.6784689426422119,"z":-0.12660522758960725,"w":-0.7113751173019409},"size":0.1988370418548584,"orthographic":false}