{"cameraMode":{"drawMode":0,"name":"Shaded","section":"Shading Mode"},"sceneLighting":false,"audioPlay":false,"sceneViewState":{"showFog":true,"showMaterialUpdate":false,"showSkybox":false,"showFlares":true,"showImageEffects":true,"showParticleSystems":true},"in2DMode":false,"pivot":{"x":38.995182037353519,"y":20.966419219970704,"z":-19.704837799072267},"rotation":{"x":0.13042280077934266,"y":-0.45020565390586855,"z":0.06666124612092972,"w":0.8808311820030212},"size":2.872281312942505,"orthographic":false}