{"cameraMode":{"drawMode":0,"name":"Shaded","section":"Shading Mode"},"sceneLighting":false,"audioPlay":false,"sceneViewState":{"showFog":true,"showMaterialUpdate":false,"showSkybox":false,"showFlares":true,"showImageEffects":true,"showParticleSystems":true},"in2DMode":false,"pivot":{"x":-5.3161234855651859,"y":11.260873794555664,"z":7.732268333435059},"rotation":{"x":-0.07978314906358719,"y":-0.9202284216880798,"z":0.26960328221321108,"w":-0.27230820059776308},"size":0.8660253882408142,"orthographic":false}